Line No.,Nominal Composition,Product Form,Spec. No.,Type/Grade,Alloy Desig./UNS No.,Class/Condition/Temper,Size/Thickness (mm),P-No.,Min. Tensile Strength (MPa),Min. Yield Strength (MPa),III,VIII-2,External Pressure Chart No.,Notes,40,65,100,125,150,175,200,225,250,275,300,325,350,375,400,425
1,...,Drawn smls. tube,SB-210,,... Alclad 3003,O,0.25-12.7,21,90,31,NP,121,NFA-7,G8,20.7,20.7,20.2,18.3,...,...,...,...,...,...,...,...,...,...,...,...
2,...,Drawn smls. tube,SB-210,,... Alclad 3003,H113,1.27-12.7,21,90,31,NP,121,NFA-7,"G8, W2",20.7,20.7,20.2,18.3,...,...,...,...,...,...,...,...,...,...,...,...
3,...,Smls. extr. tube,SB-241,,... Alclad 3003,O,...,21,90,31,NP,121,NFA-7,G8,20.7,20.7,20.2,18.3,...,...,...,...,...,...,...,...,...,...,...,...
4,...,Smls. extr. tube,SB-241,,... Alclad 3003,H112,...,21,90,31,NP,121,NFA-7,"G8, W2",20.7,20.7,20.2,18.3,...,...,...,...,...,...,...,...,...,...,...,...
5,...,"Plate, sheet",SB-209,,... A93003,O,0.15-76.2,21,97,34,NP,121,NFA-1,G8,22.8,22.8,22.4,20.4,...,...,...,...,...,...,...,...,...,...,...,...
6,...,"Plate, sheet",SB-209,,... A93003,H112,6.35-12.69,21,120,69,NP,121,NFA-1,"G8, W2",39.3,39.3,39.0,36.1,...,...,...,...,...,...,...,...,...,...,...,...
7,...,"Plate, sheet",SB-209,,... A93003,H112,12.70-50.80,21,100,41,NP,93,NFA-1,"G8, W2",27.6,27.6,27.6,...,...,...,...,...,...,...,...,...,...,...,...,...
8,...,"Plate, sheet",SB-209,,... A93003,H112,50.81-76.2,21,100,41,NP,93,NFA-1,"G8, W2",27.6,27.6,27.6,...,...,...,...,...,...,...,...,...,...,...,...,...
9,...,Drawn smls. tube,SB-210,,... A93003,O,0.25-12.7,21,97,34,NP,121,NFA-1,G8,22.8,22.8,22.4,20.4,...,...,...,...,...,...,...,...,...,...,...,...
10,...,Drawn smls. tube,SB-210,,... A93003,H113,0.25-12.7,21,97,34,NP,121,NFA-1,"G8, W2",22.8,22.8,22.4,20.4,...,...,...,...,...,...,...,...,...,...,...,...
11,...,"Bar, rod, shapes",SB-221,,... A93003,O,...,21,97,34,NP,121,NFA-1,"G2, G8",22.8,22.8,22.4,20.4,...,...,...,...,...,...,...,...,...,...,...,...
12,...,"Bar, rod, shapes",SB-221,,... A93003,H112,...,21,97,34,NP,121,NFA-1,"G2, G8, W2",22.8,22.8,22.4,20.4,...,...,...,...,...,...,...,...,...,...,...,...
13,...,Smls. extr. tube,SB-241,,... A93003,O,...,21,97,34,NP,121,NFA-1,G8,22.8,22.8,22.4,20.4,...,...,...,...,...,...,...,...,...,...,...,...
14,...,Smls. pipe,SB-241,,... A93003,H112,≥25.4,21,97,34,NP,121,NFA-1,G8,22.8,22.8,22.4,20.4,...,...,...,...,...,...,...,...,...,...,...,...
15,...,Smls. extr. tube,SB-241,,... A93003,H112,...,21,97,34,NP,121,NFA-1,"G8, W2",22.8,22.8,22.4,20.4,...,...,...,...,...,...,...,...,...,...,...,...
16,...,"Plate, sheet",SB-209,,... A93004,O,0.15-76.2,22,150,59,NP,121,NFA-3,G8,39.3,39.3,39.1,37.6,...,...,...,...,...,...,...,...,...,...,...,...
17,...,"Plate, sheet",SB-209,,... A93004,H112,6.35-76.2,22,160,62,NP,121,NFA-3,"G8, W2",41.4,41.4,41.2,39.6,...,...,...,...,...,...,...,...,...,...,...,...
18,...,"Plate, sheet",SB-209,,... A95052,O,1.30-76.2,22,170,65,NP,93,NFA-8,G8,43.4,43.4,43.4,...,...,...,...,...,...,...,...,...,...,...,...,...
19,...,"Plate, sheet",SB-209,,... A95052,H112,6.35-12.69,22,195,110,NP,93,NFA-8,"G8, W2",64.1,64.1,64.1,...,...,...,...,...,...,...,...,...,...,...,...,...
20,...,"Plate, sheet",SB-209,,... A95052,H112,12.70-76.20,22,170,65,NP,93,NFA-8,"G8, W2",43.4,43.4,43.4,...,...,...,...,...,...,...,...,...,...,...,...,...
21,...,"Plate, sheet",SB-209,,... A95083,O,1.30-38.10,25,275,125,NP,66,NFA-11,"G7, G8, G11",82.7,82.7,...,...,...,...,...,...,...,...,...,...,...,...,...,...
22,...,"Plate, sheet",SB-209,,... A95083,O,38.11-76.20,25,270,120,NP,66,NFA-11,"G7, G8, G11",78.6,77.9,...,...,...,...,...,...,...,...,...,...,...,...,...,...
23,...,"Plate, sheet",SB-209,,... A95083,O,76.21-127.00,25,260,110,NP,66,NFA-11,"G7, G8, G11",73.8,73.8,...,...,...,...,...,...,...,...,...,...,...,...,...,...
24,...,"Plate, sheet",SB-209,,... A95083,O,127.01-177.80,25,255,100,NP,66,NFA-11,"G7, G8, G11",68.9,68.9,...,...,...,...,...,...,...,...,...,...,...,...,...,...
25,...,"Plate, sheet",SB-209,,... A95083,O,177.81-203.2,25,250,97,NP,66,NFA-11,"G7, G8, G11",64.1,64.1,...,...,...,...,...,...,...,...,...,...,...,...,...,...
26,...,"Plate, sheet",SB-209,,... A95083,H112,6.35-38.10,25,275,125,NP,66,NFA-11,"G7, G8, G11, W2",82.7,82.7,...,...,...,...,...,...,...,...,...,...,...,...,...,...
27,...,"Plate, sheet",SB-209,,... A95083,H112,38.11-76.20,25,270,120,NP,66,NFA-11,"G7, G8, G11, W2",77.9,77.9,...,...,...,...,...,...,...,...,...,...,...,...,...,...
28,...,"Bar, rod, shapes",SB-221,,... A95083,H111,<=127.0,25,275,165,NP,66,NFA-11,"G2, G7, G8, G11, W2",91.7,91.7,...,...,...,...,...,...,...,...,...,...,...,...,...,...
29,...,Smls. extr. tube,SB-241,,... A95083,H111,...,25,275,165,NP,66,NFA-11,"G7, G8, G11, W2",91.7,91.7,...,...,...,...,...,...,...,...,...,...,...,...,...,...
30,...,"Plate, sheet",SB-209,,... A95086,O,1.30-50.8,25,240,97,NP,66,NFA-9,"G7, G8, G11",64.1,62.8,...,...,...,...,...,...,...,...,...,...,...,...,...,...
31,...,"Plate, sheet",SB-209,,... A95086,H112,1.60-12.69,25,250,125,NP,66,NFA-9,"G7, G8, G11, W2",82.7,81.4,...,...,...,...,...,...,...,...,...,...,...,...,...,...
32,...,"Plate, sheet",SB-209,,... A95086,H112,12.70-25.40,25,240,110,NP,66,NFA-9,"G7, G8, G11, W2",73.8,72.4,...,...,...,...,...,...,...,...,...,...,...,...,...,...
33,...,"Plate, sheet",SB-209,,... A95086,H112,25.41-50.80,25,240,97,NP,66,NFA-9,"G7, G8, G11, W2",64.1,62.8,...,...,...,...,...,...,...,...,...,...,...,...,...,...
34,...,"Plate, sheet",SB-209,,... A95086,H112,50.81-76.2,25,235,97,NP,66,NFA-9,"G7, G8, G11, W2",64.1,62.8,...,...,...,...,...,...,...,...,...,...,...,...,...,...
35,...,"Plate, sheet",SB-209,,... A95454,O,1.30-76.2,22,210,83,NP,121,NFA-6,"E2, G8",55.2,55.2,54.9,50.7,...,...,...,...,...,...,...,...,...,...,...,...
36,...,"Plate, sheet",SB-209,,... A95454,H112,6.35-12.69,22,220,125,NP,121,NFA-6,"E2, G8, W2",73.8,73.8,71.0,48.1,...,...,...,...,...,...,...,...,...,...,...,...
37,...,"Plate, sheet",SB-209,,... A95454,H112,12.70-76.20,22,210,83,NP,121,NFA-6,"E2, G8, W2",55.2,55.2,54.9,50.7,...,...,...,...,...,...,...,...,...,...,...,...
38,...,"Bar, rod, shapes",SB-221,,... A95454,O,<=127.0,22,210,83,NP,121,NFA-6,"E2, G2, G8",55.2,55.2,54.9,50.7,...,...,...,...,...,...,...,...,...,...,...,...
39,...,"Bar, rod, shapes",SB-221,,... A95454,H112,<=127.0,22,210,83,NP,121,NFA-6,"E2, G2, G8, W2",55.2,55.2,54.9,50.7,...,...,...,...,...,...,...,...,...,...,...,...
40,...,Smls. extr. tube,SB-241,,... A95454,O,<=127.0,22,210,83,NP,121,NFA-6,"E2, G8",55.2,55.2,54.9,50.7,...,...,...,...,...,...,...,...,...,...,...,...
41,...,Smls. extr. tube,SB-241,,... A95454,H112,<=127.0,22,210,83,NP,121,NFA-6,"E2, G8, W2",55.2,55.2,54.9,50.7,...,...,...,...,...,...,...,...,...,...,...,...
42,...,"Plate, sheet",SB-209,,... A96061,T4,1.30-6.34,23,205,110,NP,149,NFA-13,"G8, G9, W3",68.9,68.9,67.5,58.3,55.8,...,...,...,...,...,...,...,...,...,...,...
43,...,"Plate, sheet",SB-209,,... A96061,T451,6.35-76.2,23,205,110,NP,149,NFA-13,"G8, G9, W3",68.9,68.9,67.5,58.3,55.8,...,...,...,...,...,...,...,...,...,...,...
44,...,"Plate, sheet",SB-209,,... A96061,T6,1.30-6.34,23,290,240,NP,149,NFA-12,"G8, G9, W3",96.5,96.5,96.3,90.9,77.3,...,...,...,...,...,...,...,...,...,...,...
45,...,"Plate, sheet",SB-209,,... A96061,T651,6.35-101.60,23,290,240,NP,149,"NFA-12,13","G8, G9, W3",96.5,96.5,96.3,90.9,77.3,...,...,...,...,...,...,...,...,...,...,...
46,...,"Plate, sheet",SB-209,,... A96061,T651,101.61-152.4,23,275,240,NP,149,"NFA-12,13","G8, G9, W3",91.7,91.7,91.5,86.8,73.9,...,...,...,...,...,...,...,...,...,...,...
47,...,Drawn smls. tube,SB-210,,... A96061,T4,0.64-12.7,23,205,110,NP,149,NFA-13,"G8, W3",68.9,68.9,67.5,58.3,55.8,...,...,...,...,...,...,...,...,...,...,...
48,...,Drawn smls. tube,SB-210,,... A96061,T6,0.64-12.7,23,290,240,NP,149,"NFA-12,13","G8, W3",96.5,96.5,96.3,90.9,77.3,...,...,...,...,...,...,...,...,...,...,...
49,...,"Bar, rod, shapes",SB-221,,... A96061,T4,...,23,180,110,NP,149,NFA-13,"G2, G8, G9, W3",60.0,60.0,59.8,58.2,55.0,...,...,...,...,...,...,...,...,...,...,...
50,...,"Bar, rod, shapes",SB-221,,... A96061,T6,...,23,260,240,NP,149,"NFA-12,13","G2, G8, G9, W3",87.6,87.6,87.2,82.0,69.8,...,...,...,...,...,...,...,...,...,...,...
51,...,Smls. extr. tube/pipe,SB-241,,... A96061,T4,...,23,180,110,NP,149,NFA-13,"G8, G9, W3",60.0,60.0,59.8,58.2,55.0,...,...,...,...,...,...,...,...,...,...,...
52,...,Smls. extr. tube/pipe,SB-241,,... A96061,T6,...,23,260,240,NP,149,"NFA-12,13","G8, G9, W3",87.6,87.6,87.2,82.0,69.8,...,...,...,...,...,...,...,...,...,...,...
53,...,Smls. drawn pipe,SB-241,,... A96061,T6,DN < 25,23,290,240,NP,149,"NFA-12,13","G8, W3",96.5,96.5,96.3,90.9,77.3,...,...,...,...,...,...,...,...,...,...,...
54,...,Smls. drawn pipe,SB-241,,... A96061,T6,DN ≥25,23,260,240,NP,149,"NFA-12,13","G8, W3",87.6,87.6,87.2,82.0,69.8,...,...,...,...,...,...,...,...,...,...,...
55,...,Shapes,SB-308,,... A96061,T6,...,23,260,240,NP,149,"NFA-12,13","G2, G8, W3",87.3,87.3,87.2,82.0,69.8,...,...,...,...,...,...,...,...,...,...,... (25)
56,...,Die forgings,SB-247,,... A96061,T6,<=101.60,23,260,240,NP,149,"NFA-12,13","G8, W3",87.6,87.6,87.2,82.0,69.8,...,...,...,...,...,...,...,...,...,...,... (25)
57,...,Hand forgings,SB-247,,... A96061,T6,<=101.60,23,255,230,NP,149,"NFA-12,13","G8, W3",85.0,85.0,85.0,79.9,69.2,...,...,...,...,...,...,...,...,...,...,... (25)
58,...,Hand forgings,SB-247,,... A96061,T6,101.61-203.20,23,240,220,NP,149,"NFA-12,13","G8, W3",80.4,80.4,80.4,75.6,65.4,...,...,...,...,...,...,...,...,...,...,... (25)
59,...,Die & hand forgings,SB-247,,... A96061,T6 wld.,<=203.20,23,165,...,NP,149,"NFA-12,13",G8,55.0,55.0,55.0,53.0,37.3,...,...,...,...,...,...,...,...,...,...,... (25)
60,...,Drawn smls. tube,SB-210,,... A96063,T6,0.64-12.7,23,230,195,NP,149,NFA-1,"G8, W3",75.8,75.8,73.8,57.4,43.5,...,...,...,...,...,...,...,...,...,...,...
61,...,"Bar, rod, shapes",SB-221,,... A96063,T5,<=12.70,23,150,110,NP,149,NFA-1,"E2, G2, G8, W3",50.3,50.3,47.1,34.5,31.6,...,...,...,...,...,...,...,...,...,...,...
62,...,"Bar, rod, shapes",SB-221,,... A96063,T5,12.71-25.4,23,145,100,NP,149,NFA-1,"E2, G2, G8, W3",48.3,48.3,46.1,32.4,30.3,...,...,...,...,...,...,...,...,...,...,...
63,...,"Bar, rod, shapes",SB-221,,... A96063,T6,<=25.4,23,205,170,NP,149,NFA-1,"G2, G8, W3",68.9,68.9,67.1,52.1,39.4,...,...,...,...,...,...,...,...,...,...,...
64,...,Smls. extr. tube,SB-241,,... A96063,T5,<=12.70,23,150,110,NP,149,NFA-1,"E2, G8, W3",50.3,50.3,47.1,34.5,31.6,...,...,...,...,...,...,...,...,...,...,...
65,...,Smls. extr. tube,SB-241,,... A96063,T5,12.71-25.4,23,145,100,NP,149,NFA-1,"E2, G8, W3",48.3,48.3,46.1,32.4,30.3,...,...,...,...,...,...,...,...,...,...,...
66,...,Smls. extr. tube,SB-241,,... A96063,T6,<=25.4,23,205,170,NP,149,NFA-1,"G8, W3",68.9,68.9,67.1,52.1,39.4,...,...,...,...,...,...,...,...,...,...,...
67,...,"Bar, rod",SB-187,,... C10200,O60,All,31,195,55,NP,149,NFC-1,G4,36.7,36.7,32.3,32.3,32.2,...,...,...,...,...,...,...,...,...,...,... (25)
68,...,"Bar, rod",SB-187,,... C10200,O60,All,31,195,55,NP,149,NFC-1,"G1, G4",36.7,36.7,36.7,36.7,36.7,...,...,...,...,...,...,...,...,...,...,... (25)
69,...,"Bar, rod",SB-187,,... C11000,O60,All,31,195,55,NP,149,NFC-1,G4,36.7,36.7,32.3,32.3,32.2,...,...,...,...,...,...,...,...,...,...,... (25)
70,...,"Bar, rod",SB-187,,... C11000,O60,All,31,195,55,NP,149,NFC-1,"G1, G4",36.7,36.7,36.7,36.7,36.7,...,...,...,...,...,...,...,...,...,...,... (25)
71,...,Smls. tube,SB-111,,... C28000,O61,...,32,345,140,NP,260,NFC-3,"E3, G4, G6",91.7,91.7,91.7,91.7,91.6,76.3,42.3,17.6,8.70,3.45,...,...,...,...,...,...
72,...,Smls. tube,SB-111,,... C44300,O61,...,32,310,105,NP,260,NFC-2,"E3, G4, G6",68.9,68.9,68.9,68.9,68.9,68.9,41.5,18.3,4.6,3.29,...,...,...,...,...,... (25)
73,...,Smls. tube,SB-111,,... C44400,O61,...,32,310,105,NP,260,NFC-2,"E3, G4, G6",68.9,68.9,68.9,68.9,68.9,68.9,41.5,18.3,4.6,3.29,...,...,...,...,...,... (25)
74,...,Smls. tube,SB-111,,... C44500,O61,...,32,310,105,NP,260,NFC-2,"E3, G4, G6",68.9,68.9,68.9,68.9,68.9,68.9,41.5,18.3,4.6,3.29,...,...,...,...,...,... (25)
75,...,Plate,SB-171,,... C46400,"M10, M20, O20, O25",75 < t <=125,32,345,125,NP,38,NFC-2,G4,82.7,...,...,...,...,...,...,...,...,...,...,...,...,...,...,...
76,...,"Plate, sheet",SB-171,,... C46400,"M10, M20, O20, O25",<=75,32,345,140,NP,38,NFC-2,G4,91.7,...,...,...,...,...,...,...,...,...,...,...,...,...,...,... (25)
77,...,Smls. tube,SB-111,,... C60800,O61,...,35,345,130,NP,38,NFC-2,"G4, G6",87.6,...,...,...,...,...,...,...,...,...,...,...,...,...,...,... (25)
78,...,"Plate, sheet, bar",SB-169,,... C61400,O25 or O60 or M20,50 < t <=140,35,450,195,NP,260,NFC-8,G4,129,128,127,126,126,125,124,123,121,120,...,...,...,...,...,... (25)
79,...,"Plate, sheet, bar",SB-169,,... C61400,O25 or O60 or M20,50 < t <=140,35,450,195,NP,260,NFC-8,"G1, G4",129,129,129,129,129,129,129,129,129,129,...,...,...,...,...,... (25)
80,...,"Plate, sheet, bar",SB-169,,... C61400,O25 or O60 or M20,12 < t <=50,35,485,205,NP,260,NFC-8,G4,137,137,136,135,135,134,133,131,130,130,...,...,...,...,...,... (25)
81,...,"Plate, sheet, bar",SB-169,,... C61400,O25 or O60 or M20,12 < t <=50,35,485,205,NP,260,NFC-8,"G1, G4",137,137,137,137,137,137,137,137,137,137,...,...,...,...,...,... (25)
82,...,"Plate, sheet, bar",SB-169,,... C61400,O25 or O60 or M20,t <=12,35,495,220,NP,260,NFC-8,G4,147,147,145,144,144,143,142,140,139,139,...,...,...,...,...,... (25)
83,...,"Plate, sheet, bar",SB-169,,... C61400,O25 or O60 or M20,t <=12,35,495,220,NP,260,NFC-8,"G1, G4",147,147,147,147,147,147,147,147,147,147,...,...,...,...,...,... (25)
84,...,"Bar, rod",SB-98,,... C65100,O60,All,33,275,85,NP,177,NFC-1,"G4, G10",55.2,54.8,54.3,54.0,53.6,53.1,50.8,...,...,...,...,...,...,...,...,... (25)
85,...,"Bar, rod",SB-98,,... C65100,O60,All,33,275,85,NP,177,NFC-1,"G1, G4, G10",55.2,55.2,55.2,55.2,55.2,55.2,50.8,...,...,...,...,...,...,...,...,... (25)
86,...,"Bar, rod",SB-98,,... C65100,H02,<=50,33,380,140,NP,177,NFC-2,"G4, G10, W2",91.9,91.9,90.6,88.7,86.2,83.2,72.3,...,...,...,...,...,...,...,...,...
87,...,"Bar, rod",SB-98,,... C65100,H02,<=50,33,380,140,NP,177,NFC-2,"G1, G4, G10, W2",91.9,91.9,91.9,91.9,91.9,91.9,72.3,...,...,...,...,...,...,...,...,...
88,...,"Plate, sheet, strip, bar",SB-96,,... C65500,O61,<=50,33,345,125,NP,149,NFC-2,"G4, G10",82.7,82.5,82.3,82.0,81.8,75.4,50.8,...,...,...,...,...,...,...,...,... (25)
89,...,"Plate, sheet, strip, bar",SB-96,,... C65500,O61,<=50,33,345,125,NP,149,NFC-2,"G1, G4, G10",82.7,82.7,82.7,82.7,82.7,...,...,...,...,...,...,...,...,...,...,... (25)
90,...,"Bar, rod",SB-98,,... C65500,O60,All,33,360,105,NP,177,NFC-2,"G4, G10",68.9,68.8,68.6,68.4,68.1,67.8,50.8,...,...,...,...,...,...,...,...,... (25)
91,...,"Bar, rod",SB-98,,... C65500,O60,All,33,360,105,NP,177,NFC-2,"G1, G4, G10",68.9,68.9,68.9,68.9,68.9,68.9,50.8,...,...,...,...,...,...,...,...,... (25)
92,...,"Bar, rod",SB-98,,... C65500,H02,<=50,33,485,260,NP,177,NFC-2,"G4, G10, W2",161,161,161,161,161,161,160,...,...,...,...,...,...,...,...,...
93,...,"Bar, rod",SB-98,,... C66100,O60,All,33,360,105,NP,177,NFC-2,"G4, G10",68.9,68.8,68.6,68.4,68.1,67.8,50.8,...,...,...,...,...,...,...,...,... (25)
94,...,"Bar, rod",SB-98,,... C66100,O60,All,33,360,105,NP,177,NFC-2,"G1, G4, G10",68.9,68.9,68.9,68.9,68.9,68.9,50.8,...,...,...,...,...,...,...,...,... (25)
95,...,"Bar, rod",SB-98,,... C66100,H02,<=50,33,485,260,NP,177,NFC-2,"G4, G10, W2",161,161,161,161,161,161,160,...,...,...,...,...,...,...,...,...
96,...,Plate,SB-171,,... C70600,"M10, M20, O20, O25",<=140,34,275,105,NP,232,NFC-3,G4,68.9,66.9,65.2,63.9,62.0,60.7,60.1,59.1,56.8,...,...,...,...,...,...,...
97,...,Plate,SB-171,,... C70600,"M10, M20, O20, O25",<=140,34,275,105,NP,232,NFC-3,"G1, G4",68.9,68.9,68.9,68.9,68.9,68.9,68.9,68.9,68.9,...,...,...,...,...,...,...
98,...,Cond. tube,SB-111,,... C70600,O61,...,34,275,105,NP,232,NFC-3,G4,68.9,66.9,65.2,63.9,62.0,60.7,60.1,59.1,56.8,...,...,...,...,...,...,...
99,...,Cond. tube,SB-111,,... C70600,O61,...,34,275,105,NP,232,NFC-3,"G1, G4",68.9,68.9,68.9,68.9,68.9,68.9,68.9,68.9,68.9,...,...,...,...,...,...,...
100,...,Smls. U-bend tube,SB-395,,... C70600,O61,...,34,275,105,NP,232,NFC-3,G4,68.9,66.9,65.2,63.9,62.0,60.7,60.1,59.1,56.8,...,...,...,...,...,...,...
101,...,Smls. U-bend tube,SB-395,,... C70600,O61,...,34,275,105,NP,232,NFC-3,"G1, G4",68.9,68.9,68.9,68.9,68.9,68.9,68.9,68.9,68.9,...,...,...,...,...,...,...
102,...,Plate,SB-171,,... C70620,"M10, M20, O20, O25",<=140,34,275,105,NP,232,NFC-3,G4,68.9,66.9,65.2,63.9,62.0,60.7,60.1,59.1,56.8,...,...,...,...,...,...,...
103,...,Plate,SB-171,,... C70620,"M10, M20, O20, O25",<=140,34,275,105,NP,232,NFC-3,"G1, G4",68.9,68.9,68.9,68.9,68.9,68.9,68.9,68.9,68.9,...,...,...,...,...,...,...
104,...,Cond. tube,SB-111,,... C70620,O61,...,34,275,105,NP,232,NFC-3,G4,68.9,66.9,65.2,63.9,62.0,60.7,60.1,59.1,56.8,...,...,...,...,...,...,...
105,...,Cond. tube,SB-111,,... C70620,O61,...,34,275,105,NP,232,NFC-3,"G1, G4",68.9,68.9,68.9,68.9,68.9,68.9,68.9,68.9,68.9,...,...,...,...,...,...,...
106,...,Smls. U-bend tube,SB-395,,... C70620,O61,...,34,275,105,NP,232,NFC-3,G4,68.9,66.9,65.2,63.9,62.0,60.7,60.1,59.1,56.8,...,...,...,...,...,...,...
107,...,Smls. U-bend tube,SB-395,,... C70620,O61,...,34,275,105,NP,232,NFC-3,"G1, G4",68.9,68.9,68.9,68.9,68.9,68.9,68.9,68.9,68.9,...,...,...,...,...,...,...
108,...,Plate,SB-171,,... C71500,"M10, M20, O20, O25",60 < t <=140,34,310,125,260,343,NFC-4,G4,82.7,80.0,77.4,75.6,74.4,72.5,71.2,70.0,68.7,67.9,67.0,65.9,65.4,...,...,...
109,...,Plate,SB-171,,... C71500,"M10, M20, O20, O25",60 < t <=140,34,310,125,260,343,NFC-4,"G1, G4",82.7,82.7,82.7,82.7,82.7,82.7,82.7,82.7,82.7,82.7,82.7,82.7,82.7,...,...,...
110,...,Plate,SB-171,,... C71500,"M10, M20, O20, O25",<=60,34,345,140,260,343,NFC-4,G4,91.9,89.0,86.4,84.5,82.6,80.8,79.5,77.7,76.3,75.1,74.1,73.6,72.8,...,...,...
111,...,Plate,SB-171,,... C71500,"M10, M20, O20, O25",<=60,34,345,140,260,343,NFC-4,"G1, G4",91.9,91.9,91.9,91.9,91.9,91.9,91.9,91.9,91.9,91.9,91.9,91.9,91.9,...,...,...
112,...,Cond. tube,SB-111,,... C71500,O61,...,34,360,125,260,343,NFC-4,G4,82.7,80.0,77.4,75.6,74.4,72.5,71.2,70.0,68.7,67.9,67.0,65.9,65.4,...,...,...
113,...,Cond. tube,SB-111,,... C71500,O61,...,34,360,125,260,343,NFC-4,"G1, G4",82.7,82.7,82.7,82.7,82.7,82.7,82.7,82.7,82.7,82.7,82.7,82.7,82.7,...,...,...
114,...,Smls. U-bend tube,SB-395,,... C71500,O61,...,34,360,125,NP,343,NFC-4,G4,82.7,80.0,77.4,75.6,74.4,72.5,71.2,70.0,68.7,67.9,67.0,65.9,65.4,...,...,...
115,...,Smls. U-bend tube,SB-395,,... C71500,O61,...,34,360,125,NP,343,NFC-4,"G1, G4",82.7,82.7,82.7,82.7,82.7,82.7,82.7,82.7,82.7,82.7,82.7,82.7,82.7,...,...,...
116,...,Smls. tube,SB-111,,... C71500,HR50,...,34,495,345,260,260,NFC-4,"G1, W2",165,165,165,165,165,164,161,159,157,155,...,...,...,...,...,... (25)
117,...,Plate,SB-171,,... C71520,"M10, M20, O20, O25",60 < t <=140,34,310,125,260,343,NFC-4,G4,82.7,80.0,77.4,75.6,74.4,72.5,71.2,70.0,68.7,67.9,67.0,65.9,65.4,...,...,...
118,...,Plate,SB-171,,... C71520,"M10, M20, O20, O25",60 < t <=140,34,310,125,260,343,NFC-4,"G1, G4",82.7,82.7,82.7,82.7,82.7,82.7,82.7,82.7,82.7,82.7,82.7,82.7,82.7,...,...,...
119,...,Plate,SB-171,,... C71520,"M10, M20, O20, O25",<=60,34,345,140,260,343,NFC-4,G4,91.9,89.0,86.4,84.5,82.6,80.8,79.5,77.7,76.3,75.1,74.1,73.6,72.8,...,...,...
120,...,Plate,SB-171,,... C71520,"M10, M20, O20, O25",<=60,34,345,140,260,343,NFC-4,"G1, G4",82.7,80.0,77.4,75.6,74.4,72.5,71.2,70.0,68.7,67.9,...,...,...,...,...,...
121,...,Smls. tube,SB-111,,... C71520,O61,...,34,360,125,260,343,NFC-4,G4,82.7,80.0,77.4,75.6,74.4,72.5,71.2,70.0,68.7,67.9,67.0,65.9,65.4,...,...,...
122,...,Smls. tube,SB-111,,... C71520,O61,...,34,360,125,260,343,NFC-4,"G1, G4",82.7,82.7,82.7,82.7,82.7,82.7,82.7,82.7,82.7,82.7,82.7,82.7,82.7,...,...,...
123,...,Smls. U-bend tube,SB-395,,... C71520,O61,...,34,360,125,NP,343,NFC-4,G4,82.7,80.0,77.4,75.6,74.4,72.5,71.2,70.0,68.7,67.9,67.0,65.9,65.4,...,...,...
124,...,Smls. U-bend tube,SB-395,,... C71520,O61,...,34,360,125,NP,343,NFC-4,"G1, G4",82.7,82.7,82.7,82.7,82.7,82.7,82.7,82.7,82.7,82.7,82.7,82.7,82.7,...,...,...
125,...,Smls. tube,SB-111,,... C71520,HR50,...,34,495,345,260,260,NFC-4,...,165,165,165,165,165,164,161,159,157,155,...,...,...,...,...,...
126,...,Castings,SB-584,,... C93700,M01,...,...,207,83,204 (SPT),NP,NFC-1,...,55.2,51.0,48.8,47.8,47.1,46.6,46.1,45.7,...,...,...,...,...,...,...,... (25)
127,...,Castings,SB-584,,... C93700,M01,...,...,207,83,204 (SPT),NP,NFC-1,G1,55.2,55.2,55.2,55.2,55.2,55.2,55.2,55.2,...,...,...,...,...,...,...,... (25)
128,99Ni,Smls. pipe & tube,SB-161,,... N02200,Annealed,>125 O.D.,41,380,83,NP,316,NFN-2,G4,55.2,55.2,55.2,55.2,55.2,55.2,55.2,55.2,55.2,55.2,55.2,55.2,...,...,...,...
129,99Ni,"Bar, rod",SB-160,,... N02200,Annealed,...,41,380,100,NP,316,NFN-2,"G2, G4",68.9,68.9,68.9,68.9,68.9,68.9,68.9,68.9,68.9,68.9,68.9,68.9,...,...,...,...
130,99Ni,Smls. pipe & tube,SB-161,,... N02200,Annealed,<=125 O.D.,41,380,100,NP,316,NFN-2,G4,68.9,68.9,68.9,68.9,68.9,68.9,68.9,68.9,68.9,68.9,68.9,68.9,...,...,...,...
131,99Ni,"Plate, sheet, strip",SB-162,,... N02200,Annealed,...,41,380,100,NP,316,NFN-2,G4,68.9,68.9,68.9,68.9,68.9,68.9,68.9,68.9,68.9,68.9,68.9,68.9,...,...,...,...
132,99Ni,Smls. tube,SB-163,,... N02200,Annealed,...,41,380,100,NP,316,NFN-2,G4,68.9,68.9,68.9,68.9,68.9,68.9,68.9,68.9,68.9,68.9,68.9,68.9,...,...,...,...
133,99Ni,"Plate, sheet, strip",SB-162,,... N02200,As rolled,...,41,380,140,NP,316,NFN-2,G4,91.7,91.7,91.7,91.7,91.7,91.7,91.7,90.9,88.3,84.6,81.2,78.1,...,...,...,...
134,99Ni-Low C,"Bar, rod",SB-160,,... N02201,Annealed,...,41,345,69,NP,427,NFN-1,"G2, G4",46.2,44.8,43.9,43.4,43.4,42.8,42.7,42.7,42.7,42.7,42.7,42.7,42.7,42.7,42.0,41.4
135,99Ni-Low C,Smls. pipe & tube,SB-161,,... N02201,Annealed,>125 O.D.,41,345,69,NP,427,NFN-1,G4,46.2,44.8,43.9,43.4,43.4,42.8,42.7,42.7,42.7,42.7,42.7,42.7,42.7,42.7,42.0,41.4
136,99Ni-Low C,"Bar, rod",SB-160,,... N02201,Hot fin.,...,41,345,69,NP,427,NFN-1,"G2, G4",46.2,44.8,43.9,43.4,43.4,42.8,42.7,42.7,42.7,42.7,42.7,42.7,42.7,42.7,42.0,41.4
137,99Ni-Low C,Smls. pipe & tube,SB-161,,... N02201,Annealed,<=125 O.D.,41,345,83,NP,427,NFN-1,"E1, G4",55.2,53.8,52.9,52.3,51.7,51.7,51.7,51.7,51.7,51.7,51.7,51.7,51.6,51.0,51.0,49.7
138,99Ni-Low C,"Plate, sheet, strip",SB-162,,... N02201,Annealed,...,41,345,83,NP,427,NFN-1,"E1, G4",55.2,53.8,52.9,52.3,51.7,51.7,51.7,51.7,51.7,51.7,51.7,51.7,51.6,51.0,51.0,49.7
139,99Ni-Low C,Smls. tube,SB-163,,... N02201,Annealed,...,41,345,83,NP,427,NFN-1,"E1, G4",55.2,53.8,52.9,52.3,51.7,51.7,51.7,51.7,51.7,51.7,51.7,51.7,51.6,51.0,51.0,49.7
140,67Ni-30Cu,"Bar, rod",SB-164,,... N04400,HW or CW ann.,All,42,480,170,427,427,NFN-3,"G1, G2, G4",115,106,99.7,96.1,93.7,91.8,91.1,90.4,90.3,90.3,90.3,90.3,90.2,89.5,88.9,87.7
141,67Ni-30Cu,Smls. pipe & tube,SB-165,,... N04400,Annealed,>125 O.D.,42,485,170,427,427,NFN-3,"G1, G4",115,106,99.7,96.1,93.7,91.8,91.1,90.4,90.3,90.3,90.3,90.3,90.2,89.5,88.9,87.7
142,67Ni-30Cu,Forgings,SB-564,,... N04400,Annealed,...,42,485,170,427,427,NFN-3,"G1, G2, G4",115,106,99.7,96.1,93.7,91.8,91.1,90.4,90.3,90.3,90.3,90.3,90.2,89.5,88.9,87.7
143,67Ni-30Cu,Plate,SB-127,,... N04400,Annealed,...,42,485,195,427,427,NFN-3,"G1, G4",129,119,112,108,105,103,101,101,101,101,101,101,101,101,99.9,98.7
144,67Ni-30Cu,Smls. tube,SB-163,,... N04400,Annealed,...,42,485,195,427,427,NFN-3,"G1, G4",129,119,112,108,105,103,101,101,101,101,101,101,101,101,99.9,98.7
145,67Ni-30Cu,Smls. pipe & tube,SB-165,,... N04400,Annealed,<=125 O.D.,42,485,195,427,427,NFN-3,"G1, G4",129,119,112,108,105,103,101,101,101,101,101,101,101,101,99.9,98.7
146,67Ni-30Cu,"Hexagons, rings, discs",SB-164,,... N04400,Hot worked,54 < t <=102,42,517,207,427,NP,NFN-3,"E1, G1",138,136,133,131,128,126,124,122,122,121,120,119,118,117,116,106
147,67Ni-30Cu,Plate,SB-127,,... N04400,As rolled,...,42,515,275,427,427,NFN-3,"E1, G1, G4",172,172,172,172,171,168,165,164,162,161,160,159,158,156,144,140
148,67Ni-30Cu,"Rounds, squares, rectangles",SB-164,,... N04400,Hot worked,305 < t <=356,42,517,276,427,NP,NFN-3,"E1, G1",172,172,172,172,171,168,165,164,162,161,160,159,158,156,144,140
149,67Ni-30Cu,Smls. tube,SB-163,,... N04400,Stress rel.,...,42,585,380,260,427,NFN-3,"E4, G1, G4, W1",195,195,195,195,195,195,195,195,195,195,194,191,188,179,122,89.3
150,67Ni-30Cu,Smls. pipe & tube,SB-165,,... N04400,Stress rel.,...,42,585,380,260,NP,NFN-3,G1,195,195,195,195,195,195,195,195,195,195,...,...,...,...,...,...
151,67Ni-30Cu-S,"Bar, rod",SB-164,,... N04405,Annealed,...,42,485,170,427,427,NFN-3,"G1, G2, G4",115,106,99.7,96.1,93.7,91.8,91.1,90.4,90.3,90.3,90.3,90.3,90.2,89.5,88.9,87.7
152,67Ni-30Cu-S,"Bar, rod",SB-164,,... N04405,Hot worked,...,42,515,240,427,NP,NFN-3,G1,161,151,140,136,132,129,128,128,128,128,128,128,128,127,125,122
153,47Ni-22Cr-9Mo-18Fe,Plate,SB-435,,... N06002,Annealed,5 < t <=64,43,655,240,427,427,NFN-15,"G1, G4",161,151,143,138,132,127,123,119,115,112,110,107,105,104,103,101
154,47Ni-22Cr-9Mo-18Fe,Sheet,SB-435,,... N06002,Annealed,1.5 < t <=5,43,655,240,427,427,NFN-15,"G1, G4",161,151,143,138,132,127,123,119,115,112,110,107,105,104,103,101
155,47Ni-22Cr-9Mo-18Fe,Rod,SB-572,,... N06002,Solution ann.,≥5,43,655,240,427,427,NFN-15,"G1, G2, G4",161,151,143,138,132,127,123,119,115,112,110,107,105,104,103,101
156,47Ni-22Cr-9Mo-18Fe,Wld. pipe,SB-619,,... N06002,Solution ann.,...,43,690,275,427,NP,NFN-15,G1,184,173,164,157,151,146,141,136,132,128,125,122,120,118,117,116
157,47Ni-22Cr-9Mo-18Fe,Wld. pipe,SB-619,,... N06002,Solution ann.,...,43,690,275,NP,427,NFN-15,"G1, G4, G5",157,147,139,134,129,124,119,115,112,109,106,104,102,100,99.2,98.6
158,47Ni-22Cr-9Mo-18Fe,Smls. pipe & tube,SB-622,,... N06002,Solution ann.,...,43,690,275,427,427,NFN-15,"G1, G4",184,173,164,157,151,146,141,136,132,128,125,122,120,118,117,116
159,47Ni-22Cr-9Mo-18Fe,Wld. tube,SB-626,,... N06002,Solution ann.,...,43,690,275,427,NP,NFN-15,G1,184,173,164,157,151,146,141,136,132,128,125,122,120,118,117,116
160,47Ni-22Cr-9Mo-18Fe,Wld. tube,SB-626,,... N06002,Solution ann.,...,43,690,275,NP,427,NFN-15,"G1, G4, G5",157,147,139,134,129,124,119,115,112,109,106,104,102,100,99.2,98.6
161,47Ni-22Cr-19Fe-6Mo,Rod,SB-581,,... N06007,Solution ann.,>19,45,585,205,NP,427,NFN-11,"G1, G2, G4",138,138,138,138,138,138,138,138,138,137,136,134,132,131,130,129
162,47Ni-22Cr-19Fe-6Mo,"Plate, sheet, strip",SB-582,,... N06007,Solution ann.,>19,45,585,205,NP,427,NFN-11,"G1, G4",138,138,138,138,138,138,138,138,138,137,136,134,132,131,130,129
163,47Ni-22Cr-19Fe-6Mo,Rod,SB-581,,... N06007,Solution ann.,8 < t <=19,45,620,240,NP,427,NFN-11,"G1, G2, G4",161,161,161,161,161,161,161,161,161,160,158,156,154,153,152,150
164,47Ni-22Cr-19Fe-6Mo,"Plate, sheet, strip",SB-582,,... N06007,Solution ann.,5 < t <=19,45,620,240,NP,427,NFN-11,"G1, G4",161,161,161,161,161,161,161,161,161,160,158,156,154,153,152,150
165,47Ni-22Cr-19Fe-6Mo,Wld. pipe,SB-619,,... N06007,Solution ann.,...,45,620,240,NP,427,NFN-11,"G1, G4, G5",137,137,137,137,137,137,137,137,137,136,134,133,131,129,129,128
166,47Ni-22Cr-19Fe-6Mo,Smls. pipe & tube,SB-622,,... N06007,Solution ann.,...,45,620,240,NP,427,NFN-11,"G1, G4",161,161,161,161,161,161,161,161,161,160,158,156,154,153,152,150
167,47Ni-22Cr-19Fe-6Mo,Wld. tube,SB-626,,... N06007,Solution ann.,...,45,620,240,NP,427,NFN-11,"G1, G4, G5",137,137,137,137,137,137,137,137,137,136,134,133,131,129,129,128
168,55Ni-21Cr-13.5Mo,Smls. & wld. fittings,SB-366,,... N06022,Solution ann.,...,43,690,310,427,427,NFN-10,G1,207,207,207,...,207,...,207,...,202,...,193,189,185,182,180,177
169,55Ni-21Cr-13.5Mo,Forgings,SB-462,,... N06022,Solution ann.,...,43,690,310,427,427,NFN-10,G1,207,207,207,...,207,...,207,...,202,...,193,189,185,182,180,177
170,55Ni-21Cr-13.5Mo,Forgings,SB-564,,... N06022,Solution ann.,...,43,690,310,427,427,NFN-10,G1,207,207,207,...,207,...,207,...,202,...,193,189,185,182,180,177
171,55Ni-21Cr-13.5Mo,Rod,SB-574,,... N06022,Solution ann.,...,43,690,310,427,427,NFN-10,G1,207,207,207,...,207,...,207,...,202,...,193,189,185,182,180,177
172,55Ni-21Cr-13.5Mo,"Plate, sheet, strip",SB-575,,... N06022,Solution ann.,...,43,690,310,427,427,NFN-10,G1,207,207,207,...,207,...,207,...,202,...,193,189,185,182,180,177
173,55Ni-21Cr-13.5Mo,Wld. pipe,SB-619,,... N06022,Solution ann.,...,43,690,310,427,427,NFN-10,G1,176,176,176,...,176,...,176,...,172,...,164,160,157,155,153,151
174,55Ni-21Cr-13.5Mo,Smls. pipe & tube,SB-622,,... N06022,Solution ann.,...,43,690,310,427,427,NFN-10,G1,207,207,207,...,207,...,207,...,202,...,193,189,185,182,180,177
175,55Ni-21Cr-13.5Mo,Wld. tube,SB-626,,... N06022,Solution ann.,...,43,690,310,427,427,NFN-10,G1,176,176,176,...,176,...,176,...,172,...,164,160,157,155,153,151
176,59Ni-23Cr-16Mo,Wld. fittings,SB-366,,... N06059,Solution ann.,...,43,690,310,427,NP,NFN-14,"G1, G4",207,207,207,207,207,207,207,207,207,207,202,197,192,187,183,178
177,59Ni-23Cr-16Mo,Wld. fittings,SB-366,,... N06059,Solution ann.,...,43,690,310,NP,427,NFN-14,"G1, G4, G5",176,176,176,176,176,176,176,176,176,176,172,168,164,159,155,151
178,59Ni-23Cr-16Mo,Smls. fittings,SB-366,,... N06059,Solution ann.,...,43,690,310,427,427,NFN-14,"G1, G4",207,207,207,207,207,207,207,207,207,207,202,197,192,187,183,178
179,59Ni-23Cr-16Mo,Forged fittings,SB-462,,... N06059,Solution ann.,...,43,690,310,427,427,NFN-14,"G1, G4",207,207,207,207,207,207,207,207,207,207,202,197,192,187,183,178
180,59Ni-23Cr-16Mo,Forgings,SB-564,,... N06059,Solution ann.,...,43,690,310,427,427,NFN-14,"G1, G4",207,207,207,207,207,207,207,207,207,207,202,197,192,187,183,178
181,59Ni-23Cr-16Mo,Rod,SB-574,,... N06059,Solution ann.,...,43,690,310,427,427,NFN-14,"G1, G4",207,207,207,207,207,207,207,207,207,207,202,197,192,187,183,178
182,59Ni-23Cr-16Mo,"Plate, sheet, strip",SB-575,,... N06059,Solution ann.,...,43,690,310,427,427,NFN-14,"G1, G4",207,207,207,207,207,207,207,207,207,207,202,197,192,187,183,178
183,59Ni-23Cr-16Mo,Wld. pipe,SB-619,,... N06059,Solution ann.,...,43,690,310,427,NP,NFN-14,"G1, G4",207,207,207,207,207,207,207,207,207,207,202,197,192,187,183,178
184,59Ni-23Cr-16Mo,Wld. pipe,SB-619,,... N06059,Solution ann.,...,43,690,310,NP,427,NFN-14,"G1, G4, G5",176,176,176,176,176,176,176,176,176,176,172,168,164,159,155,151
185,59Ni-23Cr-16Mo,Smls. pipe & tube,SB-622,,... N06059,Solution ann.,...,43,690,310,427,427,NFN-14,"G1, G4",207,207,207,207,207,207,207,207,207,207,202,197,192,187,183,178
186,59Ni-23Cr-16Mo,Wld. tube,SB-626,,... N06059,Solution ann.,...,43,690,310,427,NP,NFN-14,"G1, G4",207,207,207,207,207,207,207,207,207,207,202,197,192,187,183,178
187,59Ni-23Cr-16Mo,Wld. tube,SB-626,,... N06059,Solution ann.,...,43,690,310,NP,427,NFN-14,"G1, G4, G5",176,176,176,176,176,176,176,176,176,176,172,168,164,159,155,151
188,61Ni-16Mo-16Cr,Rod,SB-574,,... N06455,Solution ann.,...,43,690,275,NP,427,NFN-14,"G1, G2, G4",184,184,184,184,184,184,184,184,184,184,184,184,184,182,180,178
189,61Ni-16Mo-16Cr,"Plate, sheet, strip",SB-575,,... N06455,Solution ann.,...,43,690,275,NP,427,NFN-14,"G1, G4",184,184,184,184,184,184,184,184,184,184,184,184,184,182,180,178
190,61Ni-16Mo-16Cr,Wld. pipe,SB-619,,... N06455,Solution ann.,...,43,690,275,NP,427,NFN-14,"G1, G4, G5",157,157,157,157,157,157,157,157,157,157,157,157,156,155,153,151
191,61Ni-16Mo-16Cr,Wld. pipe & tube,SB-622,,... N06455,Solution ann.,...,43,690,275,NP,427,NFN-14,"G1, G4",184,184,184,184,184,184,184,184,184,184,184,184,184,182,180,178
192,61Ni-16Mo-16Cr,Wld. tube,SB-626,,... N06455,Solution ann.,...,43,690,275,NP,427,NFN-14,"G1, G4, G5",157,157,157,157,157,157,157,157,157,157,157,157,156,155,153,151
193,72Ni-15Cr-8Fe,Smls. pipe & tube,SB-167,,... N06600,Hot fin.,>125 O.D.,43,515,170,427,NP,NFN-4,G1,115,115,115,115,115,115,115,115,115,115,115,115,115,115,115,115
194,72Ni-15Cr-8Fe,Smls. pipe & tube,SB-167,,... N06600,Cold worked/ann.,>125 O.D.,43,550,205,427,427,NFN-4,"G1, G4",138,138,138,138,138,138,138,138,138,138,138,138,138,138,138,138
195,72Ni-15Cr-8Fe,Smls. tube,SB-163,,... N06600,Annealed,...,43,550,240,427,427,NFN-4,"G1, G4",161,161,161,161,161,161,161,161,161,161,161,161,161,161,161,161
196,72Ni-15Cr-8Fe,"Bar, rod",SB-166,,... N06600,Annealed,...,43,550,240,427,427,NFN-4,"G1, G2, G4",161,161,161,161,161,161,161,161,161,161,161,161,161,161,161,161
197,72Ni-15Cr-8Fe,Smls. pipe & tube,SB-167,,... N06600,Cold worked/ann.,<=125 O.D.,43,550,240,427,427,NFN-4,"G1, G4",161,161,161,161,161,161,161,161,161,161,161,161,161,161,161,161
198,72Ni-15Cr-8Fe,Plate,SB-168,,... N06600,Annealed,...,43,550,240,427,427,NFN-4,"G1, G4",161,161,161,161,161,161,161,161,161,161,161,161,161,161,161,161
199,72Ni-15Cr-8Fe,Forgings,SB-564,,... N06600,Annealed,...,43,550,240,427,427,NFN-4,"G1, G2, G4",161,161,161,161,161,161,161,161,161,161,161,161,161,161,161,161
200,72Ni-15Cr-8Fe,Wld. tube,SB-516,,... N06600,Cold drawn/ann.,<=114,43,550,240,NP,427,NFN-4,"G1, G4",137,137,137,137,137,137,137,137,137,137,137,137,137,137,137,137
201,72Ni-15Cr-8Fe,Wld. pipe,SB-517,,... N06600,Cold drawn/ann.,<=114,43,550,240,NP,427,NFN-4,"G1, G4",137,137,137,137,137,137,137,137,137,137,137,137,137,137,137,137
202,72Ni-15Cr-8Fe,Smls. tube,SB-163,,... N06600,Annealed,6 < t <=22,43,550,275,427,NP,NFN-21,"G1, G3, S1",184,184,184,184,184,184,184,184,184,184,184,184,184,184,184,184
203,60Ni-22Cr-9Mo-3.5Cb,"Bar, rod",SB-446,,... N06625,Annealed,100 < t <=250,43,760,345,427,NP,NFN-17,...,230,225,221,218,215,212,209,206,204,201,199,197,194,192,191,189
204,60Ni-22Cr-9Mo-3.5Cb,"Plate, sheet",SB-443,,... N06625,Hot rolled/ann.,<=70,43,758,379,427,NP,NFN-17,...,253,247,243,239,236,233,230,227,224,221,219,216,214,212,210,208
205,60Ni-22Cr-9Mo-3.5Cb,Plate,SB-443,,... N06625,Cold rolled/ann.,<=9.5,43,758,379,427,NP,NFN-17,...,253,247,243,239,236,233,230,227,224,221,219,216,214,212,210,208
206,60Ni-22Cr-9Mo-3.5Cb,Smls. pipe & tube,SB-444,,... N06625,Annealed,...,43,825,415,427,NP,NFN-17,...,276,270,265,261,258,254,251,248,245,242,239,236,233,231,229,227
207,60Ni-22Cr-9Mo-3.5Cb,"Bar, rod",SB-446,,... N06625,Annealed,<=100,43,825,415,427,NP,NFN-17,...,276,270,265,261,258,254,251,248,245,242,239,236,233,231,229,227
208,58Ni-29Cr-9Fe,Smls. pipe & tube,SB-167,,... N06690,Hot worked/ann.,>127 O.D.,43,515,170,427,NP,NFN-4,G1,115,115,115,115,115,115,115,115,115,115,115,115,115,115,115,115
209,58Ni-29Cr-9Fe,Smls. tube,SB-163,,... N06690,Annealed,...,43,585,240,427,NP,NFN-4,G1,161,161,161,161,161,161,161,161,161,161,161,161,161,161,161,161
210,58Ni-29Cr-9Fe,Plate,SB-168,,... N06690,Annealed,...,43,585,240,427,NP,NFN-4,G1,161,161,161,161,161,161,161,161,161,161,161,161,161,161,161,161
211,58Ni-29Cr-9Fe,Forgings,SB-564,,... N06690,Annealed,...,43,585,240,427,NP,NFN-4,G1,161,161,161,161,161,161,161,161,161,161,161,161,161,161,161,161
212,58Ni-29Cr-9Fe,"Bar, rod",SB-166,,... N06690,Cold worked/ann.,...,43,585,240,427,NP,NFN-4,G1,161,161,161,161,161,161,161,161,161,161,161,161,161,161,161,161
213,58Ni-29Cr-9Fe,"Bar, rod",SB-166,,... N06690,Hot worked,...,43,585,240,427,NP,NFN-4,G1,161,161,161,161,161,161,161,161,161,161,161,161,161,161,161,161
214,58Ni-29Cr-9Fe,"Bar, rod",SB-166,,... N06690,Hot worked/ann.,...,43,585,240,427,NP,NFN-4,G1,161,161,161,161,161,161,161,161,161,161,161,161,161,161,161,161
215,58Ni-29Cr-9Fe,Smls. tube,SB-163,,... N06690,Annealed,6 < t <=22,43,585,275,427,NP,NFN-21,"G1, G3, S1",184,184,184,184,184,184,184,184,184,184,184,184,184,183,183,182
216,58Ni-29Cr-9Fe,Smls. pipe & tube,SB-167,,... N06690,Cold worked/ann.,>127 O.D.,43,586,205,427,NP,NFN-4,G1,138,138,138,138,138,138,138,138,138,138,138,138,138,138,138,138
217,58Ni-29Cr-9Fe,Smls. pipe & tube,SB-167,,... N06690,Hot worked/ann.,<=127 O.D.,43,586,205,427,NP,NFN-4,G1,138,138,138,138,138,138,138,138,138,138,138,138,138,138,138,138
218,58Ni-29Cr-9Fe,Smls. pipe & tube,SB-167,,... N06690,Cold worked/ann.,<=127 O.D.,43,586,240,427,NP,NFN-4,G1,161,161,161,161,161,161,161,161,161,161,161,161,161,161,161,161
219,35Ni-19Cr-11/4Si,Bar,SB-511,,... N08330,Annealed,...,46,485,205,NP,427,NFN-13,"G1, G2, G4",138,138,138,138,138,138,138,138,137,135,132,129,127,124,122,120
220,,Smls. & wld. pipe,SB-535,,... N08330,Annealed,...,46,485,205,NP,427,NFN-13,"G1, G4, G5",117,117,117,117,117,117,117,117,117,115,113,110,108,106,104,102
221,35Ni-19Cr-11/4Si,"Plate, sheet, strip",SB-536,,... N08330,Annealed,...,46,485,205,NP,427,NFN-13,"G1, G4",138,138,138,138,138,138,138,138,137,135,132,129,127,124,122,120
222,42Fe-33Ni-21Cr,Smls. tube,SB-163,,... N08800,Annealed,...,45,515,205,427,427,NFN-8,"G1, G4",138,138,138,138,138,138,138,138,138,138,138,138,138,138,138,138
223,42Fe-33Ni-21Cr,Smls. pipe & tube,SB-407,,... N08800,Annealed,...,45,515,205,427,427,NFN-8,"G1, G4",138,138,138,138,138,138,138,138,138,138,138,138,138,138,138,138
224,42Fe-33Ni-21Cr,Plate,SB-409,,... N08800,Annealed,...,45,515,205,427,427,NFN-8,"G1, G4",138,138,138,138,138,138,138,138,138,138,138,138,138,138,138,138
225,42Fe-33Ni-21Cr,Wld. pipe,SB-514,,... N08800,Annealed,...,45,515,205,NP,427,NFN-8,"G1, G4",117,117,117,117,117,117,117,117,117,117,117,117,117,117,117,117
226,42Fe-33Ni-21Cr,Wld. tube,SB-515,,... N08800,Annealed,...,45,515,205,NP,427,NFN-8,"G1, G4",117,117,117,117,117,117,117,117,117,117,117,117,117,117,117,117
227,42Fe-33Ni-21Cr,Forgings,SB-564,,... N08800,Annealed,...,45,515,205,427,427,NFN-8,"G1, G2, G4",138,138,138,138,138,138,138,138,138,138,138,138,138,138,138,138
228,42Fe-33Ni-21Cr,"Bar, rod",SB-408,,... N08800,Hot fin.,...,45,515,205,427,427,NFN-8,"G1, G2, G4",138,138,138,138,138,138,138,138,138,138,138,138,138,138,138,138
229,42Fe-33Ni-21Cr,Smls. tube,SB-163,,... N08800,Annealed,6 < t <=22,45,515,275,427,NP,NFN-8,"G1, G3, S1",172,172,172,172,172,172,172,172,172,172,172,171,171,171,170,170
230,42Fe-33Ni-21Cr,Smls. tube,SB-163,,... N08800,Cold worked,...,45,570,325,343,NP,NFN-23,G1,191,191,191,191,191,191,190,188,186,185,184,183,183,...,...,...
231,42Fe-33Ni-21Cr,Smls. tube,SB-163,,... N08810,Annealed,...,45,450,170,427,427,NFN-9,"G1, G4",115,115,115,115,115,115,115,115,115,115,115,113,110,108,105,104
232,42Fe-33Ni-21Cr,Smls. pipe & tube,SB-407,,... N08810,Annealed,...,45,450,170,427,427,NFN-9,"G1, G4",115,115,115,115,115,115,115,115,115,115,115,113,110,108,105,104
233,42Fe-33Ni-21Cr,"Bar, rod",SB-408,,... N08810,Annealed,...,45,450,170,427,427,NFN-9,"G1, G2, G4",115,115,115,115,115,115,115,115,115,115,115,113,110,108,105,104
234,42Fe-33Ni-21Cr,Plate,SB-409,,... N08810,Annealed,...,45,450,170,427,427,NFN-9,"G1, G4",115,115,115,115,115,115,115,115,115,115,115,113,110,108,105,104
235,42Fe-33Ni-21Cr,Wld. pipe,SB-514,,... N08810,Annealed,...,45,450,170,NP,427,NFN-9,"G1, G4, G5",97.9,97.9,97.9,97.9,97.9,97.9,97.9,97.9,97.9,97.9,97.5,95.9,93.8,91.3,89.6,88.3
236,42Fe-33Ni-21Cr,Wld. tube,SB-515,,... N08810,Annealed,...,45,450,170,NP,427,NFN-9,"G1, G4, G5",97.9,97.9,97.9,97.9,97.9,97.9,97.9,97.9,97.9,97.9,97.5,95.9,93.8,91.3,89.6,88.3
237,42Fe-33Ni-21Cr,Forgings,SB-564,,... N08810,Annealed,...,45,450,170,427,427,NFN-9,"G1, G2, G4",115,115,115,115,115,115,115,115,115,115,115,113,110,108,105,104
238,42Ni-21.5Cr-3Mo-2.3Cu,Smls. tube,SB-163,,... N08825,Annealed,...,45,585,240,427,427,NFN-7,"G1, G4",161,161,161,161,161,161,161,161,161,161,161,161,161,161,160,159
239,42Ni-21.5Cr-3Mo-2.3Cu,Smls. pipe & tube,SB-423,,... N08825,Annealed,...,45,585,240,NP,427,NFN-7,"G1, G4",161,161,161,161,161,161,161,161,161,161,161,161,161,161,160,159
240,42Ni-21.5Cr-3Mo-2.3Cu,"Plate, sheet, strip",SB-424,,... N08825,Annealed,...,45,585,240,NP,427,NFN-7,G4,161,161,161,161,161,161,161,161,161,161,161,161,161,161,160,159
241,42Ni-21.5Cr-3Mo-2.3Cu,"Bar, rod",SB-425,,... N08825,Annealed,...,45,585,240,427,427,NFN-7,"G2, G4",161,161,161,161,161,161,161,161,161,161,161,161,161,161,160,159
242,62Ni-28Mo-5Fe,"Plate, strip",SB-333,,... N10001,Solution ann.,5 < t <=64,44,690,310,NP,427,NFN-5,"G1, G4",207,207,207,207,207,207,207,207,207,207,207,207,207,207,207,206
243,62Ni-28Mo-5Fe,Wld. pipe,SB-619,,... N10001,Solution ann.,...,44,690,310,NP,427,NFN-5,"G1, G4, G5",176,176,176,176,176,176,176,176,176,176,176,176,176,176,176,175
244,62Ni-28Mo-5Fe,Smls. pipe & tube,SB-622,,... N10001,Solution ann.,...,44,690,310,NP,427,NFN-5,"G1, G4",207,207,207,207,207,207,207,207,207,207,207,207,207,207,207,206
245,62Ni-28Mo-5Fe,Wld. tube,SB-626,,... N10001,Solution ann.,...,44,690,310,NP,427,NFN-5,"G1, G4, G5",176,176,176,176,176,176,176,176,176,176,176,176,176,176,176,175
246,62Ni-28Mo-5Fe,Rod,SB-335,,... N10001,Solution ann.,38 < t <=89,44,690,315,NP,427,NFN-5,"G1, G2, G4",212,212,212,212,212,212,212,212,212,212,212,212,212,212,212,210
247,62Ni-28Mo-5Fe,Rod,SB-335,,... N10001,Solution ann.,8 < t <=38,44,795,315,NP,427,NFN-5,"G1, G2, G4",212,212,212,212,212,212,212,212,212,212,212,212,212,212,212,210
248,62Ni-28Mo-5Fe,"Plate, strip",SB-333,,... N10001,Solution ann.,<5,44,795,345,NP,427,NFN-5,"G1, G4",230,230,230,230,230,230,230,230,230,230,230,230,230,230,230,229
249,70Ni-16Mo-7Cr-5Fe,"Plate, sheet, strip",SB-434,,... N10003,Annealed,<64,44,690,275,NP,427,NFN-6,G4,184,176,168,162,156,151,146,142,139,136,134,133,131,130,129,127
250,70Ni-16Mo-7Cr-5Fe,Rod,SB-573,,... N10003,Solution ann.,...,44,690,275,NP,427,NFN-6,"G1, G2, G4",184,176,168,162,156,151,146,142,139,136,134,133,131,130,129,127
251,54Ni-16Mo-15Cr,Smls. fittings,SB-366,,... N10276,Solution ann.,...,43,690,285,NP,427,NFN-10,"G1, G4",188,188,188,188,188,188,188,188,187,182,177,172,169,165,162,159
252,54Ni-16Mo-15Cr,Wld. fittings,SB-366,,... N10276,Solution ann.,...,43,690,285,NP,427,NFN-10,"G1, G4, G5",160,160,160,160,160,160,160,160,159,155,150,147,143,140,138,135
253,54Ni-16Mo-15Cr,Forgings,SB-462,,... N10276,Solution ann.,...,43,690,285,NP,427,NFN-10,"G1, G4",188,188,188,188,188,188,188,188,187,182,177,172,169,165,162,159
254,54Ni-16Mo-15Cr,Rod,SB-574,,... N10276,Solution ann.,...,43,690,285,NP,427,NFN-10,"G1, G2, G4",188,188,188,188,188,188,188,188,187,182,177,172,169,165,162,159
255,54Ni-16Mo-15Cr,"Plate, sheet, strip",SB-575,,... N10276,Solution ann.,...,43,690,285,NP,427,NFN-10,"G1, G4",188,188,188,188,188,188,188,188,187,182,177,172,169,165,162,159
256,54Ni-16Mo-15Cr,Wld. pipe,SB-619,,... N10276,Solution ann.,...,43,690,285,NP,427,NFN-10,"G1, G4, G5",160,160,160,160,160,160,160,160,159,155,150,147,143,140,138,135
257,54Ni-16Mo-15Cr,Smls. pipe & tube,SB-622,,... N10276,Solution ann.,...,43,690,285,NP,427,NFN-10,"G1, G4",188,188,188,188,188,188,188,188,187,182,177,172,169,165,162,159
258,54Ni-16Mo-15Cr,Wld. tube,SB-626,,... N10276,Solution ann.,...,43,690,285,NP,427,NFN-10,"G1, G4, G5",160,160,160,160,160,160,160,160,159,155,150,147,143,140,138,135
259,65Ni-28Mo-2Fe,"Plate, strip",SB-333,,... N10665,Solution ann.,...,44,760,350,NP,427,NFN-16,"G1, G4",234,234,234,234,234,234,234,234,234,234,234,234,234,234,234,234
260,65Ni-28Mo-2Fe,Rod,SB-335,,... N10665,Solution ann.,...,44,760,350,NP,427,NFN-16,"G1, G2, G4",234,234,234,234,234,234,234,234,234,234,234,234,234,234,234,234
261,65Ni-28Mo-2Fe,Smls. fittings,SB-366,,... N10665,Solution ann.,...,44,760,350,NP,427,NFN-16,"G1, G4",234,234,234,234,234,234,234,234,234,234,234,234,234,234,234,234
262,65Ni-28Mo-2Fe,Wld. fittings,SB-366,,... N10665,Solution ann.,...,44,760,350,NP,427,NFN-16,"G1, G4, G5",199,199,199,199,199,199,199,199,199,199,199,199,199,199,199,199
263,65Ni-28Mo-2Fe,Forgings,SB-462,,... N10665,Solution ann.,...,44,760,350,NP,427,NFN-16,"G1, G4",234,234,234,234,234,234,234,234,234,234,234,234,234,234,234,234
264,65Ni-28Mo-2Fe,Wld. pipe,SB-619,,... N10665,Solution ann.,...,44,760,350,NP,427,NFN-16,"G1, G4, G5",199,199,199,199,199,199,199,199,199,199,199,199,199,199,199,199
265,65Ni-28Mo-2Fe,Smls. pipe & tube,SB-622,,... N10665,Solution ann.,...,44,760,350,NP,427,NFN-16,"G1, G4",234,234,234,234,234,234,234,234,234,234,234,234,234,234,234,234
266,65Ni-28Mo-2Fe,Wld. tube,SB-626,,... N10665,Solution ann.,...,44,760,350,NP,427,NFN-16,"G1, G4, G5",199,199,199,199,199,199,199,199,199,199,199,199,199,199,199,199
267,Ti,"Plate, sheet, strip",SB-265,,1 R50250,Annealed,...,51,240,170,NP,316,NFT-3,...,80.7,75.3,64.3,58.4,52.9,48.5,44.7,41.7,37.6,33.9,30.9,27.8,...,...,...,...
268,Ti,"Bar, billet",SB-348,,1 R50250,Annealed,...,51,240,170,NP,316,NFT-3,...,80.7,75.3,64.3,58.4,52.9,48.5,44.7,41.7,37.6,33.9,30.9,27.8,...,...,...,...
269,Ti,Forgings,SB-381,,1 R50250,Annealed,...,51,240,170,NP,316,NFT-3,...,80.7,75.3,64.3,58.4,52.9,48.5,44.7,41.7,37.6,33.9,30.9,27.8,...,...,...,...
270,Ti,Smls. tube,SB-338,,1 R50250,Smls. ann.,...,51,240,170,NP,316,NFT-3,...,80.7,75.3,64.3,58.4,52.9,48.5,44.7,41.7,37.6,33.9,30.9,27.8,...,...,...,...
271,Ti,"Bar, billet",SB-348,2,R50400,Annealed,...,51,,,,,,,115,110,97.6,89.9,83.1,76.9,71.8,67.4,63.1,58.7,54.7,51.0,...,...,...,...
272,Ti,Forgings,SB-381,2,R50400,Annealed,...,51,,,,,,,115,110,97.6,89.9,83.1,76.9,71.8,67.4,63.1,58.7,54.7,51.0,...,...,...,...
273,Ti,Smls. tube,SB-338,2,R50400,Smls. ann.,...,51,,,,,,,115,110,97.6,89.9,83.1,76.9,71.8,67.4,63.1,58.7,54.7,51.0,...,...,...,...
274,Ti,Smls. pipe,SB-861,2,R50400,Smls. ann.,...,51,,,,,,,115,110,97.6,89.9,83.1,76.9,71.8,67.4,63.1,58.7,54.7,51.0,...,...,...,...
275,Ti,Wld. tube,SB-338,2,R50400,Wld. ann.,...,51,,,,,,,97.9,93.9,82.7,76.3,70.8,65.1,61.3,57.1,53.1,49.8,46.8,43.6,...,...,...,...
276,Ti,Wld. pipe,SB-862,2,R50400,Wld. ann.,...,51,,,,,,,97.9,93.9,82.7,76.3,70.8,65.1,61.3,57.1,53.1,49.8,46.8,43.6,...,...,...,...
277,Ti,"Plate, sheet, strip",SB-265,3,R50550,Annealed,...,52,,,,,,,150,141,124,113,102,93.0,84.8,77.2,70.5,65.5,61.6,57.9,...,...,...,...
278,Ti,"Bar, billet",SB-348,3,R50550,Annealed,...,52,,,,,,,150,141,124,113,102,93.0,84.8,77.2,70.5,65.5,61.6,57.9,...,...,...,...
279,Ti,Forgings,SB-381,3,R50550,Annealed,...,52,,,,,,,150,141,124,113,102,93.0,84.8,77.2,70.5,65.5,61.6,57.9,...,...,...,...
280,Ti,Smls. tube,SB-338,3,R50550,Smls. ann.,...,52,,,,,,,150,141,124,113,102,93.0,84.8,77.2,70.5,65.5,61.6,57.9,...,...,...,...
281,Ti,Smls. pipe,SB-861,3,R50550,Smls. ann.,...,52,,,,,,,150,141,124,113,102,93.0,84.8,77.2,70.5,65.5,61.6,57.9,...,...,...,...
282,Ti,Wld. tube,SB-338,3,R50550,Wld. ann.,...,52,,,,,,,127,120,105,95.9,87.2,79.1,71.5,65.7,60.0,55.5,52.3,49.2,...,...,...,...
283,Ti,Wld. pipe,SB-862,3,R50550,Wld. ann.,...,52,,,,,,,127,120,105,95.9,87.2,79.1,71.5,65.7,60.0,55.5,52.3,49.2,...,...,...,...
284,Ti-Pd,"Plate, sheet, strip",SB-265,7,R52400,Annealed,...,51,,,,,,,115,110,97.6,89.9,83.1,76.9,71.8,67.4,63.1,58.7,54.7,51.0,...,...,...,...
285,Ti-Pd,"Bar, billet",SB-348,7,R52400,Annealed,...,51,,,,,,,115,110,97.6,89.9,83.1,76.9,71.8,67.4,63.1,58.7,54.7,51.0,...,...,...,...
286,Ti-Pd,Forgings,SB-381,7,R52400,Annealed,...,51,,,,,,,115,110,97.6,89.9,83.1,76.9,71.8,67.4,63.1,58.7,54.7,51.0,...,...,...,...
287,Ti-Pd,Smls. tube,SB-338,7,R52400,Smls. ann.,...,51,,,,,,,115,110,97.6,89.9,83.1,76.9,71.8,67.4,63.1,58.7,54.7,51.0,...,...,...,...
288,Ti-Pd,Smls. pipe,SB-861,7,R52400,Smls. ann.,...,51,,,,,,,115,110,97.6,89.9,83.1,76.9,71.8,67.4,63.1,58.7,54.7,51.0,...,...,...,...
289,Ti-Pd,Wld. tube,SB-338,7,R52400,Wld. ann.,...,51,,,,,,,97.9,93.9,82.7,76.3,70.8,65.1,61.3,57.1,53.1,49.8,46.8,43.6,...,...,...,...
290,Ti-Pd,Wld. pipe,SB-862,7,R52400,Wld. ann.,...,51,,,,,,,97.9,93.9,82.7,76.3,70.8,65.1,61.3,57.1,53.1,49.8,46.8,43.6,...,...,...,...
291,Ti-Pd,"Plate, sheet, strip",SB-265,16,R52402,Annealed,...,51,,,,,,,115,110,97.6,89.9,83.1,76.9,71.8,67.4,63.1,58.7,54.7,51.0,...,...,...,...
292,Ti-0.3Mo-0.8Ni,"Plate, sheet, strip",SB-265,12,R53400,Annealed,...,52,,,,,,,161,161,147,139,130,122,116,111,106,103,101,98.3,...,...,...,...
293,Ti-0.3Mo-0.8Ni,"Bar, billet",SB-348,12,R53400,Annealed,...,52,,,,,,,161,161,147,139,130,122,116,111,106,103,101,98.3,...,...,...,...
294,Ti-0.3Mo-0.8Ni,Forgings,SB-381,F-12,R53400,Annealed,...,52,,,,,,,161,161,147,139,130,122,116,111,106,103,101,98.3,...,...,...,...
295,Ti-0.3Mo-0.8Ni,Smls. tube,SB-338,12,R53400,Smls. ann.,...,52,,,,,,,161,161,147,139,130,122,116,111,106,103,101,98.3,...,...,...,...
296,Ti-0.3Mo-0.8Ni,Smls. pipe,SB-861,12,R53400,Smls. ann.,...,52,,,,,,,161,161,147,139,130,122,116,111,106,103,101,98.3,...,...,...,...
297,Ti-0.3Mo-0.8Ni,Wld. tube,SB-338,12,R53400,Wld. ann.,...,52,,,,,,,137,137,125,118,111,105,98.8,94.3,90.2,87.7,85.8,83.1,...,...,...,...
298,Ti-0.3Mo-0.8Ni,Wld. pipe,SB-862,12,R53400,Wld. ann.,...,52,,,,,,,137,137,125,118,111,105,98.8,94.3,90.2,87.7,85.8,83.1,...,...,...,...
299,Ti-3Al-2.5V,"Plate, sheet, strip",SB-265,9,R56320,Annealed,...,53,,,,,,,207,207,197,190,182,173,164,155,148,143,140,138,...,...,...,...
300,Ti-3Al-2.5V,"Bar, billet",SB-348,9,R56320,Annealed,...,53,,,,,,,207,207,197,190,182,173,164,155,148,143,140,138,...,...,...,...
301,Ti-3Al-2.5V,Forgings,SB-381,F-9,R56320,Annealed,...,53,,,,,,,207,207,197,190,182,173,164,155,148,143,140,138,...,...,...,...
302,Ti-3Al-2.5V,Smls. & wld. tube,SB-338,9,R56320,Smls. ann.,...,53,,,,,,,207,207,197,190,182,173,164,155,148,143,140,138,...,...,...,...
303,Ti-3Al-2.5V,Wld. fittings,SB-363,9,R56320,Smls. ann.,...,53,,,,,,,207,207,197,190,182,173,164,155,148,143,140,138,...,...,...,...
304,Ti-3Al-2.5V,Smls. pipe,SB-861,9,R56320,Smls. ann.,...,53,,,,,,,207,207,197,190,182,173,164,155,148,143,140,138,...,...,...,...
305,Ti-3Al-2.5V,Smls. & wld. tube,SB-338,9,R56320,Wld. ann.,...,53,,,,,,,176,176,167,161,154,147,139,132,126,122,119,117,...,...,...,...
306,Ti-3Al-2.5V,Wld. fittings,SB-363,9,R56320,Wld. ann.,...,53,,,,,,,176,176,167,161,154,147,139,132,126,122,119,117,...,...,...,...
307,Ti-3Al-2.5V,Wld. pipe,SB-862,9,R56320,Wld. ann.,...,53,,,,,,,176,176,167,161,154,147,139,132,126,122,119,117,...,...,...,...
